playId	playName	offensePlayType	defensePlayType	set	asset
2459022563	PBS T Curls	OffensePlayType_PassShotgun	DefensePlayType_DontCare	football/Gameplay/playbooks/PlayLibrary/Formations/Offense/Shotgun/PBS_Y_Trips_Tight_Wk/PBS_Y_Trips_Tight_Wk	football/Gameplay/playbooks/PlayLibrary/Formations/Offense/Shotgun/PBS_Y_Trips_Tight_Wk/PBS_T_Curls
2895991353	PBS T Slants	OffensePlayType_PassShotgun	DefensePlayType_DontCare	football/Gameplay/playbooks/PlayLibrary/Formations/Offense/Shotgun/PBS_Y_Trips_Tight_Wk/PBS_Y_Trips_Tight_Wk	football/Gameplay/playbooks/PlayLibrary/Formations/Offense/Shotgun/PBS_Y_Trips_Tight_Wk/PBS_T_Slants
1562088051	PBS T Inside Zone	OffensePlayType_RunInsideZone	DefensePlayType_DontCare	football/Gameplay/playbooks/PlayLibrary/Formations/Offense/Shotgun/PBS_Y_Trips_Tight_Wk/PBS_Y_Trips_Tight_Wk	football/Gameplay/playbooks/PlayLibrary/Formations/Offense/Shotgun/PBS_Y_Trips_Tight_Wk/PBS_T_Inside_Zone
3075402202	PBS T HB Slip Screen	OffensePlayType_PassScreen	DefensePlayType_DontCare	football/Gameplay/playbooks/PlayLibrary/Formations/Offense/Shotgun/PBS_Y_Trips_Tight_Wk/PBS_Y_Trips_Tight_Wk	football/Gameplay/playbooks/PlayLibrary/Formations/Offense/Shotgun/PBS_Y_Trips_Tight_Wk/PBS_T_HB_Slip_Screen
3916981326	PBS O Four Verticals	OffensePlayType_PassShotgun	DefensePlayType_DontCare	football/Gameplay/playbooks/PlayLibrary/Formations/Offense/PBS_Gun/PBS_Trips_Open/PBS_Trips_Open	football/Gameplay/playbooks/PlayLibrary/Formations/Offense/PBS_Gun/PBS_Trips_Open/PBS_O_Four_Verticals
713063509	PBS O Mtn Mesh	OffensePlayType_PassShotgun	DefensePlayType_DontCare	football/Gameplay/playbooks/PlayLibrary/Formations/Offense/PBS_Gun/PBS_Trips_Open/PBS_Trips_Open	football/Gameplay/playbooks/PlayLibrary/Formations/Offense/PBS_Gun/PBS_Trips_Open/PBS_O_Mtn_Mesh
471510591	PBS O HB Draw	OffensePlayType_RunDraw	DefensePlayType_DontCare	football/Gameplay/playbooks/PlayLibrary/Formations/Offense/PBS_Gun/PBS_Trips_Open/PBS_Trips_Open	football/Gameplay/playbooks/PlayLibrary/Formations/Offense/PBS_Gun/PBS_Trips_Open/PBS_O_HB_Draw
138606887	PBS Art A	OffensePlayType_PassShotgun	DefensePlayType_DontCare	football/Gameplay/playbooks/PlayLibrary/Formations/Offense/Shotgun/Y_Trips_Wk/Y_Trips_Wk	football/Gameplay/playbooks/PlayLibrary/Formations/Offense/Shotgun/Y_Trips_Wk/PBS_Art_A
155384506	PBS Art B	OffensePlayType_PassShotgun	DefensePlayType_DontCare	football/Gameplay/playbooks/PlayLibrary/Formations/Offense/Shotgun/Y_Trips_Wk/Y_Trips_Wk	football/Gameplay/playbooks/PlayLibrary/Formations/Offense/Shotgun/Y_Trips_Wk/PBS_Art_B
172162125	PBS Art C	OffensePlayType_PassShotgun	DefensePlayType_DontCare	football/Gameplay/playbooks/PlayLibrary/Formations/Offense/Shotgun/Y_Trips_Wk/Y_Trips_Wk	football/Gameplay/playbooks/PlayLibrary/Formations/Offense/Shotgun/Y_Trips_Wk/PBS_Art_C
54718792	PBS Art D	OffensePlayType_PassShotgun	DefensePlayType_DontCare	football/Gameplay/playbooks/PlayLibrary/Formations/Offense/Shotgun/Y_Trips_Wk/Y_Trips_Wk	football/Gameplay/playbooks/PlayLibrary/Formations/Offense/Shotgun/Y_Trips_Wk/PBS_Art_D
71496411	PBS Art E	OffensePlayType_PassShotgun	DefensePlayType_DontCare	football/Gameplay/playbooks/PlayLibrary/Formations/Offense/Shotgun/Y_Trips_Wk/Y_Trips_Wk	football/Gameplay/playbooks/PlayLibrary/Formations/Offense/Shotgun/Y_Trips_Wk/PBS_Art_E
518065366	PBS GT Counter	OffensePlayType_RunCounter	DefensePlayType_DontCare	football/Gameplay/playbooks/PlayLibrary/Formations/Offense/Shotgun/Y_Trips_Wk/Y_Trips_Wk	football/Gameplay/playbooks/PlayLibrary/Formations/Offense/Shotgun/Y_Trips_Wk/PBS_GT_Counter
4041020781	PBS PA Yankee	OffensePlayType_PassPlayAction	DefensePlayType_DontCare	football/Gameplay/playbooks/PlayLibrary/Formations/Offense/Shotgun/Y_Trips_Wk/Y_Trips_Wk	football/Gameplay/playbooks/PlayLibrary/Formations/Offense/Shotgun/Y_Trips_Wk/PBS_PA_Yankee
2454658555	PBS Snag	OffensePlayType_PassShotgun	DefensePlayType_DontCare	football/Gameplay/playbooks/PlayLibrary/Formations/Offense/Shotgun/Y_Trips_Wk/Y_Trips_Wk	football/Gameplay/playbooks/PlayLibrary/Formations/Offense/Shotgun/Y_Trips_Wk/PBS_Snag
1144651035	PBS Bubble Go	OffensePlayType_PassScreen	DefensePlayType_DontCare	football/Gameplay/playbooks/PlayLibrary/Formations/Offense/Shotgun/Y_Trips_Wk/Y_Trips_Wk	football/Gameplay/playbooks/PlayLibrary/Formations/Offense/Shotgun/Y_Trips_Wk/PBS_Bubble_Go
4280862217	PBS Reverse QB Lead	OffensePlayType_RunReverse	DefensePlayType_DontCare	football/Gameplay/playbooks/PlayLibrary/Formations/Offense/Shotgun/Y_Trips_Wk/Y_Trips_Wk	football/Gameplay/playbooks/PlayLibrary/Formations/Offense/Shotgun/Y_Trips_Wk/PBS_Reverse_QB_Lead
2459196596	PBS Mtn Drive	OffensePlayType_PassShotgun	DefensePlayType_DontCare	football/Gameplay/playbooks/PlayLibrary/Formations/Offense/Shotgun/Y_Trips_Wk/Y_Trips_Wk	football/Gameplay/playbooks/PlayLibrary/Formations/Offense/Shotgun/Y_Trips_Wk/PBS_Mtn_Drive
