formId	formationName	formationType	asset
1343176737	2-4-5	FormationType_Defense	football/Gameplay/playbooks/PlayLibrary/Formations/Defense/2-4-5/2-4-5
797315045	2-5	FormationType_Defense	football/Gameplay/playbooks/PlayLibrary/Formations/Defense/2-5/2-5
1230020596	3-3-5	FormationType_Defense	football/Gameplay/playbooks/PlayLibrary/Formations/Defense/3-3-5/3-3-5
16	3-4	FormationType_Defense	football/Gameplay/playbooks/PlayLibrary/Formations/Defense/3-4/3-4
137	4-2-5	FormationType_Defense	football/Gameplay/playbooks/PlayLibrary/Formations/Defense/4-2-5/4-2-5
2	4-3	FormationType_Defense	football/Gameplay/playbooks/PlayLibrary/Formations/Defense/4-3/4-3
114	4-4	FormationType_Defense	football/Gameplay/playbooks/PlayLibrary/Formations/Defense/4-4/4-4
29	46	FormationType_Defense	football/Gameplay/playbooks/PlayLibrary/Formations/Defense/46/46
30	5-2	FormationType_Defense	football/Gameplay/playbooks/PlayLibrary/Formations/Defense/5-2/5-2
629126537	Cover 0	FormationType_Defense	football/Gameplay/playbooks/PlayLibrary/Formations/Defense/Cov0_PS/Cover0_PS
18	Dime	FormationType_Defense	football/Gameplay/playbooks/PlayLibrary/Formations/Defense/Dime/Dime
79	Dollar	FormationType_Defense	football/Gameplay/playbooks/PlayLibrary/Formations/Defense/Dollar/Dollar
19	Goal Line Defense	FormationType_Defense	football/Gameplay/playbooks/PlayLibrary/Formations/Defense/Goal_Line_Defense/Goal_Line_Defense
89565209	1 On 1 Pursuit	FormationType_Defense	football/Gameplay/playbooks/PlayLibrary/Formations/Defense/MG_1on1_Pursuit/MG_Pursuit
-1386322393	500	FormationType_Defense	football/Gameplay/playbooks/PlayLibrary/Formations/Defense/MG_500/500
153	MG Backfield Survival	FormationType_Defense	football/Gameplay/playbooks/PlayLibrary/Formations/Defense/MG_Backfield_Survival/MG_Backfield_Survival
159	MG Combine	FormationType_Defense	football/Gameplay/playbooks/PlayLibrary/Formations/Defense/MG_Combine/MG_Combine
817624791	Cover2 Pass Skeleton	FormationType_Defense	football/Gameplay/playbooks/PlayLibrary/Formations/Defense/MG_Cover2_Passing_Skeleton/MG_Cover2_Passing_skeleton
1002764618	Cover3 Pass Skeleton	FormationType_Defense	football/Gameplay/playbooks/PlayLibrary/Formations/Defense/MG_Cover3_Passing_Skeleton/MG_Cover3_Passing_skeleton
158	MG DB Battle	FormationType_Defense	football/Gameplay/playbooks/PlayLibrary/Formations/Defense/MG_DB_Battle/MG_DB_Battle
1046871520	DL 5on4	FormationType_Defense	football/Gameplay/playbooks/PlayLibrary/Formations/Defense/MG_DL4on5/4-3_Over_Stunts/MG_DL4on5
1749685439	HalflineD	FormationType_Defense	football/Gameplay/playbooks/PlayLibrary/Formations/Defense/MG_HalflineD/MG_HalflineD
1821459239	Hole Shot	FormationType_Defense	football/Gameplay/playbooks/PlayLibrary/Formations/Defense/MG_Hole_Shot/MG_Hole_Shot
256010200	Midnight Alley	FormationType_Defense	football/Gameplay/playbooks/PlayLibrary/Formations/Defense/MG_Midnightalley_DEF/MG_MidnightAlley
154	MG Oklahoma	FormationType_Defense	football/Gameplay/playbooks/PlayLibrary/Formations/Defense/MG_Oklahoma/MG_Oklahoma
150	MG Option Attack	FormationType_Defense	football/Gameplay/playbooks/PlayLibrary/Formations/Defense/MG_Option_Attack/MG_Option_Attack
151	MG Pass Defense	FormationType_Defense	football/Gameplay/playbooks/PlayLibrary/Formations/Defense/MG_Pass_Defense/MG_Pass_Defense
155	MG Pitch Party	FormationType_Defense	football/Gameplay/playbooks/PlayLibrary/Formations/Defense/MG_Pitch_Party/MG_Pitch_Party
149	MG Rushing Attack	FormationType_Defense	football/Gameplay/playbooks/PlayLibrary/Formations/Defense/MG_Rushing_Attack/MG_Rushing_Attack
724207028	3 on 23	FormationType_Defense	football/Gameplay/playbooks/PlayLibrary/Formations/Defense/MG_Rushing_Attack_3_On_23/3_On_23
-1549968008	Scramble Survive	FormationType_Defense	football/Gameplay/playbooks/PlayLibrary/Formations/Defense/MG_Scramble_Survive/Scramble_Survive
1838294518	MG_Screen	FormationType_Defense	football/Gameplay/playbooks/PlayLibrary/Formations/Defense/MG_Screen/MG_Screen
152	MG Trench Battle	FormationType_Defense	football/Gameplay/playbooks/PlayLibrary/Formations/Defense/MG_Trench_Battle/MG_Trench_Battle
1183555861	Triangle Drill	FormationType_Defense	football/Gameplay/playbooks/PlayLibrary/Formations/Defense/MG_Triangle/Triangle_Drill
1831814849	WR After Catch Master	FormationType_Defense	football/Gameplay/playbooks/PlayLibrary/Formations/Defense/MG_WR_After_Catch_Master/MG_WR_After_Catch_Master_Def
265462270	WR Battle Press	FormationType_Defense	football/Gameplay/playbooks/PlayLibrary/Formations/Defense/MG_WR_Battle_Press/MG_WR_Battle_Press
17	Nickel	FormationType_Defense	football/Gameplay/playbooks/PlayLibrary/Formations/Defense/Nickel/Nickel
2101888541	NST Tutorials Defense	FormationType_Defense	football/Gameplay/playbooks/PlayLibrary/Formations/Defense/NST_Tutorials_Defense/NST_Tutorials_Defense
138	Prevent	FormationType_Defense	football/Gameplay/playbooks/PlayLibrary/Formations/Defense/Prevent/Prevent
36	Quarter	FormationType_Defense	football/Gameplay/playbooks/PlayLibrary/Formations/Defense/Quarter/Quarter
134	Small Sided	FormationType_Defense	football/Gameplay/playbooks/PlayLibrary/Formations/Defense/Small_Sided/Small_Sided
20	Special	FormationType_Defense	football/Gameplay/playbooks/PlayLibrary/Formations/Defense/Special/Special
6	Kickoff	FormationType_Kickoff	football/Gameplay/playbooks/PlayLibrary/Formations/Kickoff/Kickoff/Kickoff
7	Kick Return	FormationType_KickReturn	football/Gameplay/playbooks/PlayLibrary/Formations/KickReturn/Kick_Return/Kick_Return
1481213828	Combine Drills	FormationType_Offense	football/Gameplay/playbooks/PlayLibrary/Formations/Offense/Combine_Drills/ST_Combine_Drills
22	Direct Snaps	FormationType_Offense	football/Gameplay/playbooks/PlayLibrary/Formations/Offense/Direct_Snaps/Direct_Snaps
15	Far	FormationType_Offense	football/Gameplay/playbooks/PlayLibrary/Formations/Offense/Far/Far
95	Flexbone	FormationType_Offense	football/Gameplay/playbooks/PlayLibrary/Formations/Offense/Flexbone/Flexbone
67	Full House	FormationType_Offense	football/Gameplay/playbooks/PlayLibrary/Formations/Offense/Full_House/Full_House
10	Goal Line Offense	FormationType_Offense	football/Gameplay/playbooks/PlayLibrary/Formations/Offense/Goal_Line_Offense/Goal_Line_Offense
132	Hail Mary	FormationType_Offense	football/Gameplay/playbooks/PlayLibrary/Formations/Offense/Hail_Mary/Hail_Mary
3	I Form	FormationType_Offense	football/Gameplay/playbooks/PlayLibrary/Formations/Offense/I_Form/I_Form
115	Maryland I	FormationType_Offense	football/Gameplay/playbooks/PlayLibrary/Formations/Offense/Maryland_I/Maryland_I
2064004903	MG_3_On_23	FormationType_Offense	football/Gameplay/playbooks/PlayLibrary/Formations/Offense/MG_3_On_23/MG_3_On_23
145	MG Backfield Survival	FormationType_Offense	football/Gameplay/playbooks/PlayLibrary/Formations/Offense/MG_Backfield_Survival/MG_Backfield_Survival
157	MG Coverage Skeleton	FormationType_Offense	football/Gameplay/playbooks/PlayLibrary/Formations/Offense/MG_Coverage_Skeleton/MG_Coverage_Skeleton
1980257532	Gap Drill	FormationType_Offense	football/Gameplay/playbooks/PlayLibrary/Formations/Offense/MG_Gap_Drill/MG_Gap_Drill
1401787692	Ground Control	FormationType_Offense	football/Gameplay/playbooks/PlayLibrary/Formations/Offense/MG_Ground_Control/MG_Ground_Control
346044773	Ground Control Gap Runs	FormationType_Offense	football/Gameplay/playbooks/PlayLibrary/Formations/Offense/MG_Ground_Control_Gap_Runs/MG_Ground_Control_Gap_Runs
1757194626	Ground Control Option	FormationType_Offense	football/Gameplay/playbooks/PlayLibrary/Formations/Offense/MG_Ground_Control_Option/MG_Ground_Control_Option
830047418	Ground Control Zone Runs	FormationType_Offense	football/Gameplay/playbooks/PlayLibrary/Formations/Offense/MG_Ground_Control_Zone_Runs/MG_Ground_Control_Zone_Runs
133807291	Halfline	FormationType_Offense	football/Gameplay/playbooks/PlayLibrary/Formations/Offense/MG_Halfline/MG_Halfline
1155386957	HB Combine Reaction	FormationType_Offense	football/Gameplay/playbooks/PlayLibrary/Formations/Offense/MG_HB_Combine_Reaction/MG_HB_Combine_Reaction
144	MG Kicking	FormationType_Offense	football/Gameplay/playbooks/PlayLibrary/Formations/Offense/MG_Kicking/MG_Kicking
1356216814	Midnight Alley	FormationType_Offense	football/Gameplay/playbooks/PlayLibrary/Formations/Offense/MG_MidnightAlley_OFF/MG_MidnightAlley_OFF
156	MG Oklahoma	FormationType_Offense	football/Gameplay/playbooks/PlayLibrary/Formations/Offense/MG_Oklahoma/MG_Oklahoma
147	MG Option Attack	FormationType_Offense	football/Gameplay/playbooks/PlayLibrary/Formations/Offense/MG_Option_Attack/MG_Option_Attack
86404192	MG Option Star Read Option	FormationType_Offense	football/Gameplay/playbooks/PlayLibrary/Formations/Offense/MG_Option_Star_Read_Option/MG_Option_Star_Read_Option_RTG
1772309408	MG Option Star Speed Option	FormationType_Offense	football/Gameplay/playbooks/PlayLibrary/Formations/Offense/MG_Option_Star_Speed_Option/MG_Option_Star_Speed_Option_RTG
141	MG Pass Skeleton	FormationType_Offense	football/Gameplay/playbooks/PlayLibrary/Formations/Offense/MG_Pass_Skeleton/MG_Pass_Skeleton
148	MG Pitch Party	FormationType_Offense	football/Gameplay/playbooks/PlayLibrary/Formations/Offense/MG_Pitch_Party/MG_Pitch_Party
642975421	MG_Receiver_Run	FormationType_Offense	football/Gameplay/playbooks/PlayLibrary/Formations/Offense/MG_Receiver_Run/MG_Receiver_Run
591593143	MG QB Route Tree	FormationType_Offense	football/Gameplay/playbooks/PlayLibrary/Formations/Offense/MG_Route_Tree/MG_QB_Route_Tree
140	MG Rushing Attack	FormationType_Offense	football/Gameplay/playbooks/PlayLibrary/Formations/Offense/MG_Rushing_Attack/MG_Rushing_Attack
1297138992	Scramble Survive	FormationType_Offense	football/Gameplay/playbooks/PlayLibrary/Formations/Offense/MG_Scramble_Survive/MG_Scramble_Survive
1729400667	Shotgun	FormationType_Offense	football/Gameplay/playbooks/PlayLibrary/Formations/Offense/MG_Screen/MG_Screen
146	MG Target Passing	FormationType_Offense	football/Gameplay/playbooks/PlayLibrary/Formations/Offense/MG_Target_Passing/MG_Target_Passing
338232089	MG TE Battle	FormationType_Offense	football/Gameplay/playbooks/PlayLibrary/Formations/Offense/MG_TE_Battle/MG_TE_Battle_Def
143	MG Trench Battle	FormationType_Offense	football/Gameplay/playbooks/PlayLibrary/Formations/Offense/MG_Trench_Battle/MG_Trench_Battle
503614140	MG Triangle	FormationType_Offense	football/Gameplay/playbooks/PlayLibrary/Formations/Offense/MG_Triangle/MG_Triangle
-1576274589	WR After Catch Master	FormationType_Offense	football/Gameplay/playbooks/PlayLibrary/Formations/Offense/MG_WR_After_Catch_Master/MG_WR_After_Catch_Master_Off
142	MG WR Battle	FormationType_Offense	football/Gameplay/playbooks/PlayLibrary/Formations/Offense/MG_WR_Battle/MG_WR_Battle
14	Near	FormationType_Offense	football/Gameplay/playbooks/PlayLibrary/Formations/Offense/Near/Near
406959422	NST Tutorials	FormationType_Offense	football/Gameplay/playbooks/PlayLibrary/Formations/Offense/NST_Tutorials/NST_Tutorials
1359782649	Passing_Skeleton_Cover0	FormationType_Offense	football/Gameplay/playbooks/PlayLibrary/Formations/Offense/Pass_Skeleton_Cover0/Passing_Skeleton_Cover0
941503404	Passing_Skeleton_Cover2	FormationType_Offense	football/Gameplay/playbooks/PlayLibrary/Formations/Offense/Pass_Skeleton_Cover2/Passing_Skeleton_Cover2
890039299	Passing_Skeleton_Cover3	FormationType_Offense	football/Gameplay/playbooks/PlayLibrary/Formations/Offense/Pass_Skeleton_Cover3/Passing_Skeleton_Cover3
103	Pistol	FormationType_Offense	football/Gameplay/playbooks/PlayLibrary/Formations/Offense/Pistol/Pistol
102	Power I	FormationType_Offense	football/Gameplay/playbooks/PlayLibrary/Formations/Offense/Power_I/Power_I
1	Shotgun	FormationType_Offense	football/Gameplay/playbooks/PlayLibrary/Formations/Offense/Shotgun/Shotgun
11	Singleback	FormationType_Offense	football/Gameplay/playbooks/PlayLibrary/Formations/Offense/Singleback/Singleback
136	Small Sided	FormationType_Offense	football/Gameplay/playbooks/PlayLibrary/Formations/Offense/Small_Sided/Small_Sided
12	Special	FormationType_Offense	football/Gameplay/playbooks/PlayLibrary/Formations/Offense/Special/Special
5	Split Backs	FormationType_Offense	football/Gameplay/playbooks/PlayLibrary/Formations/Offense/Split_Backs/Split_Backs
206	Split T	FormationType_Offense	football/Gameplay/playbooks/PlayLibrary/Formations/Offense/Split_T/Split_T
2041620903	ST_Deep_Pass_Concepts_Flood	FormationType_Offense	football/Gameplay/playbooks/PlayLibrary/Formations/Offense/ST_Deep_Pass_Concepts_Flood/ST_Deep_Pass_Concepts_Flood
386387267	ST_Deep_Pass_Concepts_Mills	FormationType_Offense	football/Gameplay/playbooks/PlayLibrary/Formations/Offense/ST_Deep_Pass_Concepts_Mills/ST_Deep_Pass_Concepts_Mills
1377287714	ST_Deep_Pass_Concepts_PA_PowerO	FormationType_Offense	football/Gameplay/playbooks/PlayLibrary/Formations/Offense/ST_Deep_Pass_Concepts_PA_PowerO/ST_Deep_Pass_Concepts_PA_PowerO
1826280321	ST_Deep_Pass_Concepts_Shot	FormationType_Offense	football/Gameplay/playbooks/PlayLibrary/Formations/Offense/ST_Deep_Pass_Concepts_Shot/ST_Deep_Pass_Concepts_Shot
-1732235306	ST_Deep_Pass_Concepts_Switch	FormationType_Offense	football/Gameplay/playbooks/PlayLibrary/Formations/Offense/ST_Deep_Pass_Concepts_Switch/ST_Deep_Pass_Concepts_Switch
-288706132	ST_Deep_Pass_Concepts_Verticals	FormationType_Offense	football/Gameplay/playbooks/PlayLibrary/Formations/Offense/ST_Deep_Pass_Concepts_Verticals/ST_Deep_Pass_Concepts_Verticals
-1039941483	ST_Medium_Pass_Concepts_CurlFlat	FormationType_Offense	football/Gameplay/playbooks/PlayLibrary/Formations/Offense/ST_Medium_Pass_Concepts_CurlFlat/ST_Medium_Pass_Concepts_CurlFlat
995738197	ST_Medium_Pass_Concepts_Dagger	FormationType_Offense	football/Gameplay/playbooks/PlayLibrary/Formations/Offense/ST_Medium_Pass_Concepts_Dagger/ST_Medium_Pass_Concepts_Dagger
-555309778	ST_Medium_Pass_Concepts_Drive	FormationType_Offense	football/Gameplay/playbooks/PlayLibrary/Formations/Offense/ST_Medium_Pass_Concepts_Drive/ST_Medium_Pass_Concepts_Drive
1006942290	ST_Medium_Pass_Concepts_PA_Pass_Rollout	FormationType_Offense	football/Gameplay/playbooks/PlayLibrary/Formations/Offense/ST_Medium_Pass_Concepts_PA_Rollout/ST_Medium_Pass_Concepts_PA_Rollout
906448438	ST_Medium_Pass_Concepts_ShallowCross	FormationType_Offense	football/Gameplay/playbooks/PlayLibrary/Formations/Offense/ST_Medium_Pass_Concepts_ShallowCross/ST_Medium_Pass_Concepts_ShallowCross
1672584747	ST_Medium_Pass_Concepts_Smash	FormationType_Offense	football/Gameplay/playbooks/PlayLibrary/Formations/Offense/ST_Medium_Pass_Concepts_Smash/ST_Medium_Pass_Concepts_Smash
1250953575	ST_Short_Pass_Concepts_Levels	FormationType_Offense	football/Gameplay/playbooks/PlayLibrary/Formations/Offense/ST_Short_Pass_Concepts_Levels/ST_Short_Pass_Concepts_Levels
201	ST_Short_Pass_Concepts_Slants	FormationType_Offense	football/Gameplay/playbooks/PlayLibrary/Formations/Offense/ST_Short_Pass_Concepts_Slants/ST_Short_Pass_Concepts_Slants
762376857	ST_Short_Pass_Concepts_Spacing	FormationType_Offense	football/Gameplay/playbooks/PlayLibrary/Formations/Offense/ST_Short_Pass_Concepts_Spacing/ST_Short_Pass_Concepts_Spacing
1415896714	ST_Short_Pass_Concepts_Spot	FormationType_Offense	football/Gameplay/playbooks/PlayLibrary/Formations/Offense/ST_Short_Pass_Concepts_Spot/ST_Short_Pass_Concepts_Spot
1779392431	ST_Short_Pass_Concepts_Stick	FormationType_Offense	football/Gameplay/playbooks/PlayLibrary/Formations/Offense/ST_Short_Pass_Concepts_Stick/ST_Short_Pass_Concepts_Stick
4	Strong I	FormationType_Offense	football/Gameplay/playbooks/PlayLibrary/Formations/Offense/Strong_I/Strong_I
13	Weak I	FormationType_Offense	football/Gameplay/playbooks/PlayLibrary/Formations/Offense/Weak_I/Weak_I
129	Wildcat	FormationType_Offense	football/Gameplay/playbooks/PlayLibrary/Formations/Offense/Wildcat/Wildcat
105	Wishbone	FormationType_Offense	football/Gameplay/playbooks/PlayLibrary/Formations/Offense/Wishbone/Wishbone
9	Safety Kick Return	FormationType_Safety_KickReturn	football/Gameplay/playbooks/PlayLibrary/Formations/Safety_KickReturn/Safety_Kick_Return/Safety_Kick_Return
8	Safety Kickoff	FormationType_SafetyKickoff	football/Gameplay/playbooks/PlayLibrary/Formations/SafetyKickoff/Safety_Kickoff/Safety_Kickoff
